Date,Open,High,Low,Close,Volume
2006-04-03,57.0648,57.5883,56.4651,56.5412,0
2006-04-04,56.5507,57.2361,56.3889,56.7030,0
2006-04-05,56.8934,59.3778,56.8744,59.2826,0
2006-04-06,58.7781,58.9685,58.0737,58.3212,0
2006-04-07,58.3307,58.8067,57.8929,58.4545,0
2006-04-10,58.4450,59.1589,57.8358,57.9690,0
2006-04-11,58.3022,58.9114,57.7501,57.8548,0
2006-04-12,57.8548,57.8548,56.5888,56.7792,0
2006-04-13,56.5888,56.7316,55.8273,56.4936,0
2006-04-17,56.4936,56.8077,54.7803,55.0277,0
2006-04-18,54.7327,56.6364,53.9807,56.4841,0
2006-04-19,55.8749,56.2176,54.7993,55.1800,0
2006-04-20,54.3995,54.9706,54.0664,54.6375,0
2006-04-21,55.0658,55.0658,53.7427,53.7522,0
2006-04-24,53.7522,53.7522,52.7052,52.7242,0
2006-04-25,53.0193,53.0288,51.9342,52.4101,0
2006-04-26,52.3530,54.7707,52.3435,53.5143,0
2006-04-27,52.8289,53.5143,51.8104,52.9336,0
2006-04-28,52.1150,53.3620,51.8866,52.2864,0
2006-05-01,52.2959,52.7337,51.6391,51.7533,0
2006-05-02,50.0685,51.1155,49.9257,50.6777,0
2006-05-03,50.0209,51.1822,49.6116,50.6872,0
2006-05-04,50.6872,50.9252,50.0019,50.0019,0
2006-05-05,50.8776,52.1055,50.3445,51.8675,0
2006-05-08,51.6296,52.1150,50.9537,50.9823,0
2006-05-09,51.0680,51.0680,49.7353,49.9352,0
2006-05-10,50.0114,51.0299,50.0114,50.4397,0
2006-05-11,50.0209,50.3350,48.6597,48.7359,0
2006-05-12,48.3932,48.4503,47.3081,48.1076,0
2006-05-15,48.1743,48.5645,46.7750,47.4128,0
2006-05-16,47.4508,47.6983,46.3752,46.5751,0
2006-05-17,45.9659,46.7179,45.4138,45.8898,0
2006-05-18,46.2039,47.6888,46.1753,46.6608,0
2006-05-19,46.7369,47.1462,46.1944,46.4038,0
2006-05-22,46.1658,46.3943,45.3186,45.8898,0
2006-05-23,46.6132,47.5460,45.9278,46.1944,0
2006-05-24,46.1944,47.6412,45.7851,46.3371,0
2006-05-25,46.1658,46.8226,45.7470,46.4704,0
2006-05-26,46.4799,46.9939,46.4799,46.6322,0
2006-05-30,46.4038,46.4133,45.2996,45.5185,0
2006-05-31,45.5566,45.7851,45.0236,45.6042,0
2006-06-01,45.6137,46.2991,45.2901,46.2229,0
2006-06-02,46.4038,46.7369,45.2996,45.7660,0
2006-06-05,45.7660,45.7660,44.2050,44.2621,0
2006-06-06,44.0241,44.0336,42.2631,42.8343,0
2006-06-07,43.1674,43.7100,42.3869,42.5487,0
2006-06-08,42.5487,42.6344,41.4921,42.3678,0
2006-06-09,42.8628,43.4054,42.4630,42.9675,0
2006-06-12,42.6439,42.8438,41.6444,41.6635,0
2006-06-13,41.4064,42.0537,40.7497,40.9876,0
2006-06-14,40.9020,41.5968,40.7497,41.5492,0
2006-06-15,41.5587,43.5386,41.3779,43.2055,0
2006-06-16,43.2055,43.5862,42.4059,42.7295,0
2006-06-19,42.7486,43.1865,41.5397,41.7682,0
2006-06-20,42.0252,42.1775,41.0447,41.0543,0
2006-06-21,41.1114,42.7867,41.1018,42.6820,0
2006-06-22,42.6820,42.9390,41.9871,42.4059,0
2006-06-23,42.1965,42.8628,42.0252,42.3964,0
2006-06-26,42.7010,44.2525,42.1204,43.4815,0
2006-06-27,43.4625,43.6433,41.8158,41.8538,0
2006-06-28,41.8538,41.8538,40.9210,41.4445,0
2006-06-29,41.5492,42.7391,41.0257,42.6915,0
2006-06-30,42.7867,42.7867,41.8919,42.2346,0
2006-07-03,42.2346,42.3393,41.5016,42.1299,0
2006-07-05,42.1204,42.3202,41.4445,42.0728,0
2006-07-06,41.5016,42.4725,41.4540,41.8253,0
2006-07-07,41.6349,42.6534,41.6159,42.2060,0
2006-07-10,42.2060,42.4250,41.7586,41.7872,0
2006-07-11,41.5968,41.6063,40.5307,40.9971,0
2006-07-12,40.9020,41.1590,39.3980,39.5884,0
2006-07-13,39.5979,40.0072,39.0934,39.0934,0
2006-07-14,38.8840,38.8935,36.7994,38.1415,0
2006-07-17,38.1415,39.1029,37.9797,39.0839,0
2006-07-18,39.0268,39.3504,37.9512,38.5603,0
2006-07-19,38.6460,40.4260,38.4652,40.3879,0
2006-07-20,40.3594,40.3784,39.3218,39.5598,0
2006-07-21,39.5598,41.0828,38.7888,40.6259,0
2006-07-24,41.0162,42.6724,40.8353,42.6344,0
2006-07-25,42.2631,43.7861,41.9490,43.0437,0
2006-07-26,43.2150,43.2531,42.0632,43.0246,0
2006-07-27,43.0341,43.7005,41.9014,42.2251,0
2006-07-28,42.7105,43.6814,42.2631,43.2721,0
2006-07-31,43.0722,43.2721,42.2536,42.5773,0
2006-08-01,42.0347,43.1960,41.8443,43.0056,0
2006-08-02,43.0246,43.7100,42.7867,42.8914,0
2006-08-03,42.5011,45.4519,42.3583,44.8046,0
2006-08-04,45.1188,46.5942,44.2430,44.5762,0
2006-08-07,44.5762,45.8327,44.3382,45.1283,0
2006-08-08,45.3567,46.0135,43.7576,44.1098,0
2006-08-09,44.0812,44.1098,42.0823,42.3678,0
2006-08-10,42.3678,42.8247,41.9205,42.5011,0
2006-08-11,42.1679,42.3488,41.2446,41.4731,0
2006-08-14,42.0252,42.0252,40.3499,40.7401,0
2006-08-15,41.3969,41.8538,40.6830,41.6635,0
2006-08-16,41.8633,43.1198,41.8158,43.0246,0
2006-08-17,43.0246,44.4905,42.8438,43.6624,0
2006-08-18,43.7861,43.9289,43.0056,43.8337,0
2006-08-21,43.8337,43.8337,42.8343,43.0532,0
2006-08-22,43.4911,43.9384,42.8343,42.8914,0
2006-08-23,42.9009,42.9294,41.6063,42.1965,0
2006-08-24,42.1965,42.8152,41.6635,42.7010,0
2006-08-25,42.7010,42.7962,42.0252,42.6058,0
2006-08-28,42.7200,43.5958,42.6820,43.0817,0
2006-08-29,42.7200,43.4244,42.1204,43.3197,0
2006-08-30,43.1198,43.1293,42.2251,42.5201,0
2006-08-31,42.5011,42.9770,42.0823,42.6820,0
2006-09-01,42.8343,43.0913,42.1394,42.6344,0
2006-09-05,42.8723,43.0151,42.0728,42.4154,0
2006-09-06,41.9776,42.3964,41.1399,41.4064,0
2006-09-07,40.9305,42.0632,40.2071,41.1685,0
2006-09-08,40.4546,41.8062,39.9977,40.6545,0
2006-09-11,40.4546,41.5397,39.7787,41.0352,0
2006-09-12,41.0447,43.5006,40.6925,43.2816,0
2006-09-13,43.3578,43.7861,42.9580,43.0437,0
2006-09-14,42.7391,43.1484,42.1775,43.1008,0
2006-09-15,43.5958,45.6994,43.5577,44.1574,0
2006-09-18,44.1669,45.1188,43.7956,44.1002,0
2006-09-19,44.1098,44.5476,43.2245,43.8432,0
2006-09-20,44.0812,44.6999,43.3483,43.4911,0
2006-09-21,43.3197,44.5476,42.8438,43.0722,0
2006-09-22,42.9770,44.2525,42.5868,43.6053,0
2006-09-25,44.0812,44.9284,43.3292,44.6238,0
2006-09-26,43.7861,45.6137,43.7385,44.6904,0
2006-09-27,44.7094,45.4519,43.4815,43.9099,0
2006-09-28,43.9194,44.3668,42.9485,43.5767,0
2006-09-29,44.0051,44.3858,43.0722,43.0722,0
2006-10-02,43.0817,43.9860,42.4535,43.4339,0
2006-10-03,43.2531,43.3197,42.4059,42.7105,0
2006-10-04,42.5487,44.0431,42.0918,43.7100,0
2006-10-05,43.7005,43.9860,42.6153,43.4435,0
2006-10-06,43.0817,43.3102,42.5582,42.9485,0
2006-10-09,42.7867,44.5762,42.3964,43.9765,0
2006-10-10,44.6809,45.4043,44.5667,44.6619,0
2006-10-11,44.7285,45.0807,43.9765,44.2906,0
2006-10-12,44.6428,45.5661,44.6428,45.4234,0
2006-10-13,44.6428,45.3091,43.8337,44.0812,0
2006-10-16,44.9093,45.0902,44.2811,44.7475,0
2006-10-17,44.5476,44.9093,44.0241,44.2716,0
2006-10-18,44.6428,45.0997,43.5386,43.6719,0
2006-10-19,43.8813,44.6143,43.5672,43.8528,0
2006-10-20,44.0431,44.0907,43.3197,43.9004,0
2006-10-23,43.8528,44.1288,42.9009,43.2055,0
2006-10-24,43.0913,44.1574,42.9866,44.1098,0
2006-10-25,44.0241,45.5090,43.7100,45.1854,0
2006-10-26,45.1854,46.2896,45.0521,45.9469,0
2006-10-27,45.9564,46.0325,44.9093,45.3567,0
2006-10-30,45.3567,45.9659,44.8522,45.4043,0
2006-10-31,45.4138,45.6994,44.7475,45.1949,0
2006-11-01,45.4709,45.6232,44.3001,44.5381,0
2006-11-02,44.5286,44.9284,43.9479,44.2145,0
2006-11-03,44.1098,44.2716,43.5482,44.0431,0
2006-11-06,44.4048,44.4048,43.9479,44.2430,0
2006-11-07,43.9004,44.0907,43.3102,43.4720,0
2006-11-08,42.8438,43.4530,42.1013,43.0532,0
2006-11-09,43.2626,43.2626,42.4535,42.6344,0
2006-11-10,42.7105,44.2145,42.7105,43.9955,0
2006-11-13,44.0336,44.5952,43.6529,44.0336,0
2006-11-14,44.7190,46.0325,44.3763,45.9278,0
2006-11-15,45.9278,47.0701,45.7946,46.5942,0
2006-11-16,46.8321,47.6983,46.4704,47.0225,0
2006-11-17,46.6513,47.3937,46.0421,46.9654,0
2006-11-20,46.9654,47.2605,46.4799,46.7465,0
2006-11-21,46.5561,47.5460,46.5561,47.3557,0
2006-11-22,47.8316,48.8120,47.7650,48.5740,0
2006-11-24,48.3837,48.9453,48.1267,48.4217,0
2006-11-27,48.4408,48.7073,47.6983,47.9839,0
2006-11-28,47.9648,48.4789,47.1082,47.4699,0
2006-11-29,47.8316,48.2599,47.2319,47.5175,0
2006-11-30,48.0696,50.4492,47.8792,49.9733,0
2006-12-01,49.8020,50.4968,49.0785,49.9923,0
2006-12-04,50.2113,50.2589,49.4212,49.6877,0
2006-12-05,49.6782,51.3059,49.6782,50.9537,0
2006-12-06,51.6391,51.9818,51.2678,51.5629,0
2006-12-07,50.9728,51.3250,50.1066,50.6872,0
2006-12-08,50.6396,50.6491,49.4212,49.7734,0
2006-12-11,49.5926,50.4968,49.4974,49.8400,0
2006-12-12,49.9447,50.2017,49.3927,49.5640,0
2006-12-13,49.6877,50.4873,49.6211,49.6877,0
2006-12-14,49.6973,50.4016,49.4022,50.1446,0
2006-12-15,50.6872,51.1060,50.1161,50.4683,0
2006-12-18,50.6872,50.8205,50.0114,50.1256,0
2006-12-19,49.1737,49.6021,48.7549,49.0309,0
2006-12-20,49.0309,49.6877,48.8786,49.0785,0
2006-12-21,49.0785,49.4498,48.6692,48.7263,0
2006-12-22,48.5740,48.6883,48.1362,48.2504,0
2006-12-26,48.2504,49.0214,48.2219,48.7835,0
2006-12-27,49.0690,50.1827,49.0214,50.0780,0
2006-12-28,49.8591,50.4492,49.6116,49.7734,0
2006-12-29,49.7258,50.2874,49.7068,49.9352,0
2007-01-03,49.0690,49.7829,47.8316,48.1933,0
2007-01-04,50.4492,50.6396,47.4032,47.6793,0
2007-01-05,47.6698,47.7364,47.0511,47.2700,0
2007-01-08,47.1748,47.1748,46.0040,46.3752,0
2007-01-09,46.3752,46.7750,46.1563,46.4323,0
2007-01-10,46.4419,46.8607,46.0135,46.6608,0
2007-01-11,46.8607,47.6983,46.6703,47.5365,0
2007-01-12,47.5365,48.1933,47.3842,47.7364,0
2007-01-16,47.2890,48.0505,46.6893,47.3271,0
2007-01-17,48.5455,49.7449,48.2314,49.4498,0
2007-01-18,49.5545,50.4016,49.3736,49.5450,0
2007-01-19,49.6782,51.1060,49.4498,50.9061,0
2007-01-22,50.8871,51.1631,50.1827,50.9252,0
2007-01-23,50.4016,51.2393,49.7544,50.6777,0
2007-01-24,50.5920,51.1822,49.8020,51.0489,0
2007-01-25,51.0489,51.0680,49.2975,49.3927,0
2007-01-26,49.6306,49.8210,48.9167,49.2213,0
2007-01-29,49.2213,49.8686,49.0309,49.4212,0
2007-01-30,49.6401,50.0970,49.2213,49.3355,0
2007-01-31,49.4974,51.9913,49.4688,51.7628,0
2007-02-01,51.9913,52.9717,51.8199,52.3720,0
2007-02-02,52.4006,53.8189,52.3720,53.4096,0
2007-02-05,53.4191,53.7332,52.3720,52.8194,0
2007-02-06,52.7432,52.8004,52.0674,52.6671,0
2007-02-07,52.6671,53.0764,52.0579,52.4101,0
2007-02-08,51.8770,52.7242,50.7062,50.9632,0
2007-02-09,50.9632,51.1822,49.9162,50.1732,0
2007-02-12,49.9828,50.4492,49.3451,49.6687,0
2007-02-13,49.8781,50.4492,49.6211,50.2208,0
2007-02-14,50.0685,50.8966,49.9638,50.2017,0
2007-02-15,50.2493,51.0204,50.2398,50.6396,0
2007-02-16,50.4016,50.4492,49.5164,50.4112,0
2007-02-20,50.4112,51.0204,50.0685,50.5539,0
2007-02-21,50.1637,50.4112,49.0405,50.1637,0
2007-02-22,50.5539,50.6967,49.1166,49.4593,0
2007-02-23,49.3927,49.3927,48.2219,48.5169,0
2007-02-26,48.6216,48.9548,48.1647,48.5360,0
2007-02-27,47.7840,48.0696,46.6513,47.2129,0
2007-02-28,47.3557,47.6888,46.4133,46.8226,0
2007-03-01,46.1658,47.4984,45.2615,46.8797,0
2007-03-02,46.7940,47.0320,46.1944,46.3562,0
2007-03-05,45.7946,45.7946,44.7475,44.7856,0
2007-03-06,45.2806,46.0611,44.9855,45.5947,0
2007-03-07,46.0801,46.5466,45.5566,45.9278,0
2007-03-08,46.1658,47.0796,46.0516,46.3943,0
2007-03-09,46.5370,46.7369,45.2615,45.9278,0
2007-03-12,45.9278,45.9278,43.4625,43.6909,0
2007-03-13,43.4435,43.4435,40.9971,41.7206,0
2007-03-14,41.8824,43.4244,41.1018,43.0056,0
2007-03-15,42.5297,43.7195,42.5297,43.3959,0
2007-03-16,43.5672,44.0907,42.8628,43.0056,0
2007-03-19,43.1674,43.7385,43.1293,43.3007,0
2007-03-20,43.3102,43.9575,42.7867,43.3578,0
2007-03-21,43.3673,44.9189,43.1674,44.5096,0
2007-03-22,43.8718,45.3758,43.5862,43.8908,0
2007-03-23,43.5577,44.1954,42.9580,43.3863,0
2007-03-26,43.6338,43.6909,41.7872,42.3964,0
2007-03-27,40.8829,42.6248,40.5878,42.3583,0
2007-03-28,41.8348,41.8633,40.8829,41.4445,0
2007-03-29,41.8158,41.8158,40.7401,40.9781,0
2007-03-30,40.9876,41.2827,40.1309,40.1785,0
2007-04-02,40.3118,40.3784,39.4456,39.5027,0
2007-04-03,39.5027,40.2737,39.3314,39.9025,0
2007-04-04,40.0072,40.1214,39.6550,39.8835,0
2007-04-05,39.8835,40.6545,39.5979,40.6450,0
2007-04-09,40.8353,40.9305,40.1881,40.8448,0
2007-04-10,40.5593,40.9496,40.1690,40.2452,0
2007-04-11,40.1500,40.1500,38.8745,39.0077,0
2007-04-12,38.8935,40.0358,38.6936,39.6074,0
2007-04-13,39.7787,39.7787,38.8840,39.1315,0
2007-04-16,39.2933,39.9120,39.1791,39.5217,0
2007-04-17,40.2261,41.0543,40.0833,40.5783,0
2007-04-18,40.3404,42.0823,39.7026,41.8158,0
2007-04-19,41.7777,42.6344,41.2542,41.5968,0
2007-04-20,42.5201,42.8343,41.8443,42.2060,0
2007-04-23,42.2251,42.3488,40.9781,41.0828,0
2007-04-24,41.2827,41.4731,40.3023,41.1590,0
2007-04-25,41.2446,41.5492,40.2928,41.0638,0
2007-04-26,41.0638,42.3488,40.8353,42.0632,0
2007-04-27,42.0347,42.0347,40.8258,41.0638,0
2007-04-30,41.3017,41.4921,40.5402,40.6545,0
2007-05-01,40.7972,41.6825,40.2547,41.3493,0
2007-05-02,41.2922,42.0728,41.1780,41.7396,0
2007-05-03,41.8348,42.0918,41.5587,41.7872,0
2007-05-04,41.9300,41.9776,40.9781,41.2637,0
2007-05-07,41.2542,41.5873,40.7116,41.0162,0
2007-05-08,41.0067,41.2161,40.3308,41.1209,0
2007-05-09,40.8829,41.3779,40.3594,41.0923,0
2007-05-10,40.8544,40.8639,39.7216,40.0738,0
2007-05-11,40.4451,40.8353,39.7407,40.0167,0
2007-05-14,40.0072,40.1214,39.4170,40.0072,0
2007-05-15,40.0833,40.4451,39.5789,40.0548,0
2007-05-16,40.1690,41.1018,39.7597,41.0543,0
2007-05-17,41.1209,42.6058,40.9591,42.5011,0
2007-05-18,42.6439,42.7867,42.0156,42.3774,0
2007-05-21,42.4821,43.6053,42.3678,43.2245,0
2007-05-22,43.2340,44.8046,43.0627,44.2621,0
2007-05-23,44.3001,45.0616,43.6814,43.9194,0
2007-05-24,43.7671,45.1283,43.5006,43.6624,0
2007-05-25,43.8813,44.1002,42.9294,43.3007,0
2007-05-29,43.3102,43.6433,42.9675,43.5006,0
2007-05-30,43.1198,44.1764,42.8628,43.9289,0
2007-05-31,43.9289,44.3477,43.0627,43.4530,0
2007-06-01,43.5291,43.6909,42.6439,42.8723,0
2007-06-04,42.6724,43.3197,42.3583,43.1769,0
2007-06-05,42.8819,43.2626,42.5487,42.7200,0
2007-06-06,42.5677,42.5773,41.9205,42.1489,0
2007-06-07,41.7491,41.7872,40.3594,40.3784,0
2007-06-08,40.4451,41.2066,39.9977,41.0828,0
2007-06-11,41.0923,41.2637,40.3023,40.9876,0
2007-06-12,40.6545,40.6545,39.8454,39.9215,0
2007-06-13,40.6925,40.6925,39.3409,40.0167,0
2007-06-14,40.0929,40.2261,39.6360,39.7597,0
2007-06-15,40.1785,40.5593,39.7026,39.7502,0
2007-06-18,39.7502,39.9786,39.1600,39.2076,0
2007-06-19,39.2552,39.9596,39.0363,39.6740,0
2007-06-20,39.9596,39.9691,38.9887,38.9887,0
2007-06-21,38.8364,38.9316,38.2462,38.3509,0
2007-06-22,38.1986,38.2462,37.5704,37.8179,0
2007-06-25,37.8369,37.9702,36.7708,36.8851,0
2007-06-26,36.3139,36.8946,35.6095,35.7428,0
2007-06-27,35.1907,36.2473,35.0860,36.0379,0
2007-06-28,35.7999,35.9427,35.2383,35.3430,0
2007-06-29,35.3525,35.5715,34.6196,34.8005,0
2007-07-02,34.6291,34.6862,33.6582,33.9247,0
2007-07-03,33.9247,34.3436,33.4583,33.5154,0
2007-07-05,33.7344,34.3150,33.6582,34.2674,0
2007-07-06,34.0770,35.6000,34.0485,35.2669,0
2007-07-09,34.9718,35.6381,34.4959,34.5625,0
2007-07-10,34.4673,34.4673,33.0395,33.1823,0
2007-07-11,33.0109,33.7439,32.8015,33.0490,0
2007-07-12,33.1442,33.6201,32.8777,33.4488,0
2007-07-13,33.5916,35.1241,33.3917,34.6482,0
2007-07-16,34.3055,34.5339,33.3726,33.7344,0
2007-07-17,33.6106,33.6677,32.8586,32.9253,0
2007-07-18,32.4303,33.0680,31.7640,32.4969,0
2007-07-19,32.5636,32.9633,32.3637,32.5160,0
2007-07-20,32.3637,32.4588,31.1453,31.6117,0
2007-07-23,31.6783,31.7925,30.6693,30.7645,0
2007-07-24,30.4885,31.1357,29.6032,30.3933,0
2007-07-25,30.6027,31.0596,29.5556,30.3933,0
2007-07-26,29.8317,30.1268,29.1273,29.8983,0
2007-07-27,29.4890,30.6788,29.2510,29.5747,0
2007-07-30,29.5176,29.8602,29.1844,29.6127,0
2007-07-31,29.9173,30.1363,29.1463,29.1844,0
2007-08-01,29.0321,29.0416,26.3954,28.9084,0
2007-08-02,28.7465,30.3457,28.0993,30.2410,0
2007-08-03,30.0982,30.3933,29.6603,29.8888,0
2007-08-06,29.9745,30.8026,28.3468,30.8026,0
2007-08-07,30.6598,33.9628,30.1172,32.8301,0
2007-08-08,32.8396,35.1526,32.8396,34.2960,0
2007-08-09,33.3155,35.3049,32.9919,34.7243,0
2007-08-10,33.5535,34.7433,33.0300,33.7439,0
2007-08-13,33.5249,33.9247,31.1833,31.3356,0
2007-08-14,31.7164,31.7164,29.9459,29.9840,0
2007-08-15,29.9840,30.1744,28.5181,28.5752,0
2007-08-16,27.6804,29.6794,26.4240,29.4700,0
2007-08-17,32.2304,32.2304,28.6228,28.9655,0
2007-08-20,28.9940,29.0892,27.8994,28.4229,0
2007-08-21,27.7566,28.6514,27.4520,27.9946,0
2007-08-22,28.1849,28.6990,27.6519,27.9375,0
2007-08-23,28.2896,29.8222,27.8423,28.5467,0
2007-08-24,28.1659,29.2796,27.8042,28.4610,0
2007-08-27,28.3658,28.7846,27.1760,27.1855,0
2007-08-28,26.9094,26.9570,25.8529,25.9195,0
2007-08-29,25.9766,26.8142,25.6244,26.7476,0
2007-08-30,26.2336,26.7191,25.9385,26.1955,0
2007-08-31,27.4139,27.5091,26.1765,26.9094,0
2007-09-04,26.7286,27.5662,26.4525,27.1950,0
2007-09-05,27.0237,27.0903,25.8719,26.4335,0
2007-09-06,26.4525,26.6429,25.7006,26.1955,0
2007-09-07,25.6720,25.8529,24.9962,25.2437,0
2007-09-10,25.3103,25.4150,24.2727,24.6345,0
2007-09-11,24.6440,24.8629,24.1109,24.4726,0
2007-09-12,24.3108,24.7772,23.7968,23.8539,0
2007-09-13,24.0348,24.3489,23.4732,23.8634,0
2007-09-14,23.7302,24.7201,23.2733,24.4726,0
2007-09-17,24.2823,24.8153,24.1871,24.4726,0
2007-09-18,24.6821,25.1104,24.0824,24.9962,0
2007-09-19,25.2722,26.4145,25.0152,25.7196,0
2007-09-20,25.7006,25.7196,24.1680,24.3299,0
2007-09-21,24.4726,24.6535,23.5969,24.1014,0
2007-09-24,24.0443,24.1300,22.8925,23.0163,0
2007-09-25,21.5980,22.9592,21.4171,22.1025,0
2007-09-26,22.1881,22.3214,21.1316,21.1887,0
2007-09-27,21.2363,21.7312,20.5604,21.4171,0
2007-09-28,21.3695,21.6646,21.1982,21.5599,0
2007-10-01,22.0358,22.4261,21.9407,22.1501,0
2007-10-02,22.1596,24.2727,22.1596,23.5303,0
2007-10-03,23.7207,25.1961,23.4922,24.5773,0
2007-10-04,24.5964,24.9867,22.8449,23.1686,0
2007-10-05,23.5208,23.9872,23.1686,23.7492,0
2007-10-08,23.7968,23.9301,23.1686,23.3875,0
2007-10-09,23.3494,23.7778,22.8640,23.7207,0
2007-10-10,23.5969,24.2061,23.5303,24.0919,0
2007-10-11,24.4155,24.8819,23.9396,24.0729,0
2007-10-12,24.1204,24.1204,22.8925,23.0353,0
2007-10-15,22.8449,22.9401,22.3690,22.4927,0
2007-10-16,22.2072,22.3595,21.6837,21.8645,0
2007-10-17,22.0644,22.4071,20.6080,21.1601,0
2007-10-18,21.1220,21.1220,20.5319,20.7508,0
2007-10-19,20.5224,20.7508,19.7418,20.0655,0
2007-10-22,19.7038,21.7217,19.5324,21.4742,0
2007-10-23,21.8931,22.1310,20.8460,21.3600,0
2007-10-24,21.0459,21.7884,20.4653,21.4933,0
2007-10-25,21.4838,22.3880,21.3315,22.1025,0
2007-10-26,22.4642,23.3114,21.9883,23.1210,0
2007-10-29,23.1781,23.5874,22.7307,23.3685,0
2007-10-30,23.3399,23.6826,22.7593,23.5303,0
2007-10-31,23.7492,23.7968,21.5123,21.7503,0
2007-11-01,21.2743,21.4457,20.3225,20.3891,0
2007-11-02,20.7032,20.7603,19.8465,20.1511,0
2007-11-05,19.4372,20.6747,19.4372,20.1892,0
2007-11-06,20.6937,20.6937,19.7418,20.4557,0
2007-11-07,20.0369,20.3605,19.4753,19.4753,0
2007-11-08,19.3420,19.8275,18.3902,18.9042,0
2007-11-09,18.3902,19.3420,18.2759,18.9613,0
2007-11-12,18.9613,19.8275,18.8185,19.0660,0
2007-11-13,19.2659,20.1511,19.2659,20.1035,0
2007-11-14,20.3605,20.9412,19.7989,19.8465,0
2007-11-15,19.7323,20.3130,18.9232,19.0279,0
2007-11-16,19.1802,19.1897,17.9904,18.3140,0
2007-11-19,18.1427,18.2855,16.6958,16.7244,0
2007-11-20,16.9909,17.2479,14.6493,15.1538,0
2007-11-21,14.7350,15.0586,14.2115,14.2495,0
2007-11-23,14.3733,15.0205,14.3447,14.8397,0
2007-11-26,15.0015,15.1348,13.8021,13.8021,0
2007-11-27,14.0401,14.2305,13.3262,13.7926,0
2007-11-28,13.9164,14.5541,13.9164,14.3352,0
2007-11-29,14.2590,14.3352,13.7165,14.0592,0
2007-11-30,14.4970,15.4584,14.4970,15.0777,0
2007-12-03,15.3442,16.0295,14.5351,15.9343,0
2007-12-04,15.5250,16.3151,14.9730,15.0491,0
2007-12-05,15.2776,15.7820,14.9920,15.4679,0
2007-12-06,15.4584,17.9142,15.3061,17.8286,0
2007-12-07,17.3146,18.3235,17.1337,17.4383,0
2007-12-10,17.5240,18.3521,17.2765,18.1046,0
2007-12-11,18.3616,18.5139,16.1247,16.2009,0
2007-12-12,16.7815,17.3622,15.8392,16.2580,0
2007-12-13,15.9534,17.0100,15.7059,16.8957,0
2007-12-14,16.6863,16.8196,16.2294,16.3151,0
2007-12-17,16.2104,16.6863,15.9343,16.0010,0
2007-12-18,16.0866,16.4198,15.7249,16.1057,0
2007-12-19,16.1438,16.4103,15.7725,16.0866,0
2007-12-20,16.1818,16.3912,15.7916,16.2961,0
2007-12-21,16.8767,16.8767,15.9915,16.3722,0
2007-12-24,16.3722,17.0766,16.0866,17.0385,0
2007-12-26,16.9719,17.2670,16.7339,17.2099,0
2007-12-27,17.0100,17.2670,16.7720,16.8291,0
2007-12-28,17.0290,17.0861,16.1818,16.6578,0
2007-12-31,16.4293,17.5145,16.3341,17.0290,0
2008-01-02,16.8767,17.1527,16.2961,16.3722,0
2008-01-03,16.2009,16.5245,15.7249,15.9153,0
2008-01-04,15.5917,15.5917,14.8207,15.0491,0
2008-01-07,15.2776,15.5060,14.7540,15.0110,0
2008-01-08,14.6684,15.3727,13.8021,13.9164,0
2008-01-09,13.9164,14.0020,12.3934,13.1930,0
2008-01-10,13.1168,14.4399,12.6123,14.0020,0
2008-01-11,13.8021,14.2781,13.3167,13.6498,0
2008-01-14,13.7355,14.2876,13.2310,14.2019,0
2008-01-15,14.0306,14.0592,13.2501,13.2977,0
2008-01-16,13.0882,14.1543,13.0787,13.5642,0
2008-01-17,13.7355,14.2781,13.0026,13.2405,0
2008-01-18,13.4595,13.4595,12.1840,12.3648,0
2008-01-22,11.4225,13.0216,11.4034,12.5171,0
2008-01-23,12.1269,14.4304,11.8889,14.2210,0
2008-01-24,14.3828,15.7249,14.2115,15.4299,0
2008-01-25,15.7059,18.6186,15.7059,16.1628,0
2008-01-28,15.9153,18.0475,15.2871,17.6096,0
2008-01-29,17.8571,18.3140,16.8672,17.9047,0
2008-01-30,17.7524,18.5615,16.9719,17.3241,0
2008-01-31,16.6007,20.0560,16.6007,19.5515,0
2008-02-01,19.1707,20.5985,18.7519,20.3701,0
2008-02-04,20.0560,20.1797,18.6377,18.8661,0
2008-02-05,18.5044,19.5610,18.0856,18.1808,0
2008-02-06,18.2950,18.7519,17.5620,18.3426,0
2008-02-07,17.9333,19.5229,17.9142,18.2569,0
2008-02-08,17.9904,18.7900,17.8476,18.3997,0
2008-02-11,18.4282,19.2659,17.8095,18.8947,0
2008-02-12,19.2564,19.3992,18.3331,18.6186,0
2008-02-13,18.8471,18.9232,18.1808,18.8185,0
2008-02-14,18.8566,18.8947,18.0856,18.2474,0
2008-02-15,18.1808,18.2759,17.3431,17.6953,0
2008-02-19,17.8762,17.9238,17.2384,17.4097,0
2008-02-20,16.9814,18.2855,16.7149,18.2664,0
2008-02-21,18.2284,18.7424,17.3717,17.5145,0
2008-02-22,17.5240,17.5430,16.6102,17.4002,0
2008-02-25,17.4764,17.8952,16.8767,17.8762,0
2008-02-26,17.5430,19.9608,17.4764,19.4277,0
2008-02-27,19.1326,20.4081,19.0946,20.1797,0
2008-02-28,19.9608,19.9893,18.3616,18.5044,0
2008-02-29,18.2569,18.4568,17.6096,17.7143,0
2008-03-03,17.4669,17.6858,15.6583,15.9248,0
2008-03-04,15.7345,16.5911,15.4108,16.3436,0
2008-03-05,16.5816,16.6197,15.7154,16.0581,0
2008-03-06,15.7440,15.9248,14.9349,15.2776,0
2008-03-07,14.9444,15.5250,14.4685,14.9539,0
2008-03-10,14.7635,15.4489,14.1829,14.2590,0
2008-03-11,15.1824,15.4679,14.1734,15.1919,0
2008-03-12,14.9444,15.6678,14.4875,14.5922,0
2008-03-13,14.2686,15.3156,13.7641,15.2109,0
2008-03-14,15.7059,15.7059,14.0496,14.7826,0
2008-03-17,14.4113,14.4113,12.7551,13.4785,0
2008-03-18,14.1734,15.3061,14.1353,15.2871,0
2008-03-19,15.3061,16.2294,15.2204,15.2395,0
2008-03-20,15.2490,16.9433,15.2490,16.8672,0
2008-03-24,17.0385,18.8376,16.6578,17.8762,0
2008-03-25,17.9142,18.3045,17.4002,17.9618,0
2008-03-26,17.5430,17.7715,16.6482,16.7434,0
2008-03-27,17.3812,18.0285,16.5816,17.0385,0
2008-03-28,16.9338,17.6668,16.8957,17.0766,0
2008-03-31,17.0100,18.0856,16.7339,17.9047,0
2008-04-01,18.3616,20.4653,18.2093,20.3510,0
2008-04-02,20.3796,21.6075,19.8846,20.3510,0
2008-04-03,20.2749,20.7223,19.5134,20.6842,0
2008-04-04,20.6747,20.9222,19.7989,20.5795,0
2008-04-07,20.8841,21.6361,20.6271,20.7603,0
2008-04-08,20.6461,20.6461,18.5615,19.0374,0
2008-04-09,19.1802,19.4182,17.5335,17.6858,0
2008-04-10,17.6477,18.4758,17.5716,17.8857,0
2008-04-11,17.5525,17.8952,17.1527,17.2670,0
2008-04-14,17.1051,17.4193,16.1723,16.2485,0
2008-04-15,16.4388,16.8481,15.9153,16.5626,0
2008-04-16,17.0576,17.6096,16.5150,17.6096,0
2008-04-17,17.3526,17.8476,17.0671,17.5811,0
2008-04-18,18.1141,18.3235,17.1147,17.7810,0
2008-04-21,17.7048,17.7048,17.0956,17.4478,0
2008-04-22,17.3812,17.5335,16.6768,17.0480,0
2008-04-23,17.2289,17.2289,15.9343,16.2104,0
2008-04-24,16.2104,17.7810,16.0866,17.4954,0
2008-04-25,17.6382,18.2188,17.1813,18.0951,0
2008-04-28,18.2950,18.8185,17.7810,18.5996,0
2008-04-29,18.5425,19.5134,18.5234,19.3040,0
2008-04-30,19.3801,19.4563,17.5049,17.5335,0
2008-05-01,17.3717,18.8471,17.3717,18.4949,0
2008-05-02,18.8661,19.1231,18.1046,18.3426,0
2008-05-05,18.2855,18.9232,18.1427,18.5615,0
2008-05-06,18.1236,19.0374,17.6096,19.0089,0
2008-05-07,18.9327,19.1802,17.8381,18.0094,0
2008-05-08,18.1522,18.3711,17.3146,17.4764,0
2008-05-09,17.3812,18.1808,17.2670,17.5240,0
2008-05-12,17.4573,17.8000,17.1623,17.6763,0
2008-05-13,17.9047,17.9618,17.1242,17.8191,0
2008-05-14,17.8952,19.1612,17.8191,18.9613,0
2008-05-15,19.0184,19.5800,18.6948,19.4563,0
2008-05-16,19.9322,19.9322,18.5615,19.0470,0
2008-05-19,19.1422,19.1707,18.3140,18.3902,0
2008-05-20,18.3711,18.5234,17.6001,17.9238,0
2008-05-21,17.8952,17.9238,16.4769,16.5911,0
2008-05-22,16.5721,16.9909,16.3056,16.4579,0
2008-05-23,16.4103,16.4103,15.7535,16.0676,0
2008-05-27,16.0866,16.7244,15.9819,16.6387,0
2008-05-28,16.8957,17.0290,16.0771,16.6863,0
2008-05-29,16.6673,16.7720,16.2199,16.3912,0
2008-05-30,16.6102,16.7434,15.7916,16.0676,0
2008-06-02,15.9248,15.9915,15.4584,15.7916,0
2008-06-03,15.9248,16.3912,15.6107,16.3056,0
2008-06-04,16.2294,16.3246,15.6012,15.7345,0
2008-06-05,15.9819,16.1723,15.0967,15.5726,0
2008-06-06,15.2490,15.3442,14.4685,14.4970,0
2008-06-09,14.5732,15.2776,14.0306,14.4494,0
2008-06-10,14.4018,15.1348,14.0116,14.9063,0
2008-06-11,14.9825,15.0015,13.9259,13.9830,0
2008-06-12,14.1924,14.7731,14.1067,14.2590,0
2008-06-13,14.3257,14.9063,14.2781,14.6112,0
2008-06-16,14.5351,15.2776,14.2971,15.1443,0
2008-06-17,15.2395,15.3156,14.3066,14.5446,0
2008-06-18,14.4589,15.1728,14.2781,14.9539,0
2008-06-19,15.0872,15.3061,14.6684,15.0491,0
2008-06-20,14.8587,15.0491,14.4209,14.4970,0
2008-06-23,14.6779,14.7064,13.3167,13.4880,0
2008-06-24,13.5166,14.6684,13.1358,14.0116,0
2008-06-25,14.0877,14.7350,13.6784,13.8688,0
2008-06-26,13.5642,13.5927,12.3077,12.6980,0
2008-06-27,12.9264,12.9264,11.4891,12.0126,0
2008-06-30,12.0126,12.0793,11.4891,11.7461,0
2008-07-01,11.4320,11.5272,10.5372,11.2606,0
2008-07-02,11.3939,11.5081,10.8989,10.8989,0
2008-07-03,10.8799,11.0893,10.4420,10.9180,0
2008-07-07,10.9370,11.2131,9.8614,10.3278,0
2008-07-08,10.3183,11.9746,10.1374,11.8984,0
2008-07-09,12.3553,12.4219,10.8228,10.8799,0
2008-07-10,10.6800,11.1179,10.1850,10.4135,0
2008-07-11,10.0518,10.4706,9.5282,9.8138,0
2008-07-14,10.4706,10.4706,9.5949,9.7472,0
2008-07-15,9.8519,10.4801,8.8810,10.0232,0
2008-07-16,9.9375,11.5081,9.7757,11.1464,0
2008-07-17,11.7461,12.1078,10.7086,11.7175,0
2008-07-18,12.0221,12.1935,11.1084,11.5843,0
2008-07-21,11.6795,12.1364,11.4320,11.6604,0
2008-07-22,11.2606,12.3934,10.9465,12.3553,0
2008-07-23,12.3553,13.4880,12.1744,12.8884,0
2008-07-24,12.6789,12.9264,10.4325,10.5372,0
2008-07-25,10.4325,11.3558,10.1565,10.9561,0
2008-07-28,11.0322,11.2035,10.0994,10.2326,0
2008-07-29,10.3088,11.4986,10.2136,11.3558,0
2008-07-30,11.6319,11.8032,10.5848,11.1274,0
2008-07-31,10.8418,11.9936,10.6610,11.5177,0
2008-08-01,11.4034,11.6414,10.7657,11.2797,0
2008-08-04,11.1655,11.2892,10.6419,11.0703,0
2008-08-05,11.2226,11.8603,11.1369,11.7747,0
2008-08-06,11.5748,12.1269,11.2797,12.0793,0
2008-08-07,11.7937,12.5552,11.4510,11.6795,0
2008-08-08,11.6033,12.2792,11.4891,11.7747,0
2008-08-11,11.7461,12.8503,11.6319,12.3077,0
2008-08-12,12.3267,12.3267,10.7466,10.8704,0
2008-08-13,10.9370,10.9751,10.2993,10.5658,0
2008-08-14,10.5182,11.3558,10.4135,11.1084,0
2008-08-15,11.3082,11.6700,11.1179,11.2511,0
2008-08-18,11.3463,11.3463,10.2993,10.4325,0
2008-08-19,10.2326,10.4325,9.8043,9.9185,0
2008-08-20,9.9947,10.3373,9.6329,10.3183,0
2008-08-21,9.9851,11.0322,9.9471,10.9180,0
2008-08-22,11.1750,11.3082,10.4896,11.2606,0
2008-08-25,11.1084,11.4129,10.7466,11.0798,0
2008-08-26,11.0132,11.2511,10.3278,10.5087,0
2008-08-27,10.8323,11.6604,10.6039,11.6128,0
2008-08-28,11.8984,12.5552,11.5557,12.4790,0
2008-08-29,12.1840,12.8693,12.0888,12.5171,0
2008-09-02,12.8598,13.7355,12.3743,12.8788,0
2008-09-03,12.9359,13.1358,12.4410,13.0502,0
2008-09-04,12.7836,12.9264,11.6700,11.8889,0
2008-09-05,11.6604,13.0407,11.3654,12.9074,0
2008-09-08,14.1734,15.2300,13.2786,14.2305,0
2008-09-09,14.0401,14.3257,12.4219,12.7265,0
2008-09-10,12.8408,13.3357,12.0697,12.6980,0
2008-09-11,12.1554,13.4309,11.9079,13.3072,0
2008-09-12,12.9931,14.0306,12.8693,13.6689,0
2008-09-15,12.8408,13.7736,12.5552,12.7932,0
2008-09-16,12.2220,13.8402,11.9936,13.7641,0
2008-09-17,13.1073,13.6974,11.9936,12.1078,0
2008-09-18,12.4695,14.4209,10.6134,14.2876,0
2008-09-19,15.5917,16.0866,14.5827,15.9439,0
2008-09-22,15.5155,15.9439,12.3743,13.0787,0
2008-09-23,12.9455,13.6118,11.9746,12.0983,0
2008-09-24,12.3743,14.6493,12.2220,14.0592,0
2008-09-25,14.4113,14.6208,13.1073,14.2686,0
2008-09-26,13.0407,14.7064,13.0407,14.5446,0
2008-09-29,14.3638,14.7255,12.8027,13.1454,0
2008-09-30,13.4595,14.4589,12.7932,14.4589,0
2008-10-01,14.1829,14.7731,13.5547,14.6017,0
2008-10-02,14.2971,14.7540,13.1739,13.2215,0
2008-10-03,13.6689,13.9164,11.2702,11.4986,0
2008-10-06,10.8704,11.5081,10.2326,11.4129,0
2008-10-07,11.7080,11.7080,9.8043,9.9375,0
2008-10-08,9.5282,10.7086,9.3855,9.9661,0
2008-10-09,10.4801,10.5182,8.2623,8.5669,0
2008-10-10,7.7578,9.2998,7.5008,9.2427,0
2008-10-13,9.8043,10.0137,8.7287,9.1665,0
2008-10-14,9.9280,9.9280,8.6620,8.9762,0
2008-10-15,8.7572,8.8334,7.9957,8.3384,0
2008-10-16,8.3955,8.6240,7.4532,8.5478,0
2008-10-17,7.9291,8.8810,7.8149,8.5002,0
2008-10-20,8.5764,9.4140,8.1290,9.2332,0
2008-10-21,8.8905,9.2522,8.5383,8.5764,0
2008-10-22,8.2813,8.7192,7.7387,8.0338,0
2008-10-23,8.0909,8.4241,6.0539,6.7488,0
2008-10-24,5.8445,7.1105,5.8350,6.2062,0
2008-10-27,6.2062,6.7583,6.0254,6.1301,0
2008-10-28,6.3966,6.4918,5.3495,6.0444,0
2008-10-29,6.0254,6.9963,5.9778,6.4632,0
2008-10-30,6.9391,7.1200,6.2824,6.6631,0
2008-10-31,6.6441,7.4912,6.3871,7.3675,0
2008-11-03,7.3485,7.9481,7.1866,7.6245,0
2008-11-04,7.8339,8.8239,7.8054,8.6335,0
2008-11-05,8.5002,9.4616,8.0909,8.1480,0
2008-11-06,8.3003,8.5193,7.8054,8.0243,0
2008-11-07,7.9386,8.1100,7.0343,7.3770,0
2008-11-10,7.6055,7.8149,6.5108,6.7678,0
2008-11-11,6.5584,7.1390,6.1015,6.8535,0
2008-11-12,6.5679,6.6631,5.9302,5.9778,0
2008-11-13,5.9492,6.3204,5.0544,6.3204,0
2008-11-14,6.0729,6.7868,5.7588,5.9968,0
2008-11-17,5.8540,6.0158,5.4447,5.7303,0
2008-11-18,5.7017,5.9206,5.3019,5.6065,0
2008-11-19,5.5685,5.5875,4.5214,4.5500,0
2008-11-20,4.6166,4.6166,3.5410,3.6171,0
2008-11-21,3.9027,3.9027,3.2554,3.4648,0
2008-11-24,3.6647,4.4833,3.3696,4.3596,0
2008-11-25,4.8926,7.0629,4.5119,5.7398,0
2008-11-26,5.7112,7.2247,5.3781,7.0439,0
2008-11-28,6.7297,7.4722,6.1396,6.7678,0
2008-12-01,6.6536,6.7393,6.0063,6.0539,0
2008-12-02,6.3395,7.0534,5.7969,6.9487,0
2008-12-03,6.7868,7.7673,6.5013,7.3580,0
2008-12-04,7.2533,8.7763,7.0534,8.0909,0
2008-12-05,8.0624,8.8048,7.3960,8.6240,0
2008-12-08,8.9190,9.3950,8.1671,9.3379,0
2008-12-09,9.2998,9.9851,8.4050,8.6240,0
2008-12-10,8.6144,9.3093,8.2908,9.2236,0
2008-12-11,8.9952,9.5187,8.3289,8.5478,0
2008-12-12,8.2147,9.3759,8.0719,9.2046,0
2008-12-15,9.1189,9.3950,8.1480,8.3765,0
2008-12-16,8.3574,9.3379,8.2147,9.3379,0
2008-12-17,9.2427,10.2897,8.9952,9.7567,0
2008-12-18,10.2041,10.7562,9.4045,9.6329,0
2008-12-19,10.0803,10.0898,9.4235,9.5092,0
2008-12-22,9.5758,9.5758,8.2908,8.4717,0
2008-12-23,8.4526,8.7001,8.0243,8.2527,0
2008-12-24,8.4812,8.4812,7.8720,7.9196,0
2008-12-26,8.1956,8.2623,7.8910,8.1671,0
2008-12-29,8.1956,8.1956,7.6340,7.9577,0
2008-12-30,8.0243,8.2432,7.5769,8.2432,0
2008-12-31,8.1480,8.3955,7.8625,8.2527,0
2009-01-02,8.1861,8.8810,8.0338,8.7382,0
2009-01-05,8.6525,10.0423,8.4336,9.7091,0
2009-01-06,9.8709,10.7276,9.8138,10.6324,0
2009-01-07,10.3373,10.4420,9.8804,10.0613,0
2009-01-08,10.4706,11.0036,9.9090,10.8704,0
2009-01-09,10.7371,10.7371,7.8339,8.7096,0
2009-01-12,9.0142,9.0428,7.8434,7.9481,0
2009-01-13,7.9005,8.3670,7.6911,8.2432,0
2009-01-14,8.0909,8.1480,7.4341,7.5198,0
2009-01-15,7.5769,7.7006,6.6821,7.2057,0
2009-01-16,7.4912,7.6816,6.7488,7.4722,0
2009-01-20,7.1676,7.5198,6.3871,6.4537,0
2009-01-21,6.6060,6.7773,5.8635,6.7393,0
2009-01-22,6.4061,6.6917,6.1586,6.2348,0
2009-01-23,6.0825,6.7868,5.8731,6.5108,0
2009-01-26,7.1866,8.3194,6.8249,7.4436,0
2009-01-27,7.3485,7.8244,7.2628,7.3865,0
2009-01-28,7.7578,8.9666,7.5959,8.4336,0
2009-01-29,8.2432,8.3765,7.5579,7.6150,0
2009-01-30,7.6150,7.6816,7.2057,7.3199,0
2009-02-02,7.1486,8.1290,7.0724,7.4436,0
2009-02-03,7.7292,8.3194,7.4627,8.1766,0
2009-02-04,8.2051,8.5383,7.4722,7.5198,0
2009-02-05,7.5483,8.1195,7.4246,7.9767,0
2009-02-06,7.9957,9.5092,7.9957,8.8524,0
2009-02-09,8.8048,8.8048,8.0814,8.2908,0
2009-02-10,8.1385,8.7382,6.8916,7.0058,0
2009-02-11,7.1962,7.6816,6.8059,7.3009,0
2009-02-12,6.9963,7.1200,6.3300,6.9391,0
2009-02-13,6.9106,7.2628,6.6250,7.1295,0
2009-02-17,6.8630,7.0629,6.5584,6.9487,0
2009-02-18,7.2437,7.3675,6.3490,6.5679,0
2009-02-19,6.5489,6.8535,5.5685,5.5970,0
2009-02-20,5.3114,5.7874,5.2734,5.5875,0
2009-02-23,5.7969,6.2919,5.6636,6.0063,0
2009-02-24,6.0920,7.5008,5.9968,7.0439,0
2009-02-25,6.9011,7.2247,6.4823,6.9677,0
2009-02-26,7.1390,7.4341,6.7868,6.8916,0
2009-02-27,6.7488,6.9011,6.2443,6.3585,0
2009-03-02,6.1015,6.5679,6.0634,6.2919,0
2009-03-03,6.4251,6.5584,5.7493,5.7969,0
2009-03-04,5.8731,6.3109,5.4447,6.1967,0
2009-03-05,5.9587,6.1491,5.6922,5.8159,0
2009-03-06,5.9016,6.1586,5.5780,5.7874,0
2009-03-09,5.8255,6.7012,5.6446,5.9492,0
2009-03-10,6.1681,7.3009,6.0825,7.2152,0
2009-03-11,7.1866,7.5674,7.0534,7.1771,0
2009-03-12,7.3199,8.1861,6.9963,8.1100,0
2009-03-13,8.0909,8.3574,7.6626,8.0814,0
2009-03-16,8.2147,8.3765,7.4341,7.4627,0
2009-03-17,7.7863,8.1195,7.3104,8.1100,0
2009-03-18,8.0243,9.2712,7.5293,8.8905,0
2009-03-19,9.0809,9.1380,8.0528,8.0909,0
2009-03-20,8.3765,8.3765,7.5674,7.7197,0
2009-03-23,8.0909,9.3188,7.8434,9.2903,0
2009-03-24,9.0333,9.5473,8.8619,8.9762,0
2009-03-25,9.2332,10.7086,8.2813,8.9381,0
2009-03-26,9.1856,10.0708,9.1475,9.7852,0
2009-03-27,9.7567,10.1279,9.3474,9.7662,0
2009-03-30,9.2808,9.3093,8.0624,8.2908,0
2009-03-31,8.6716,8.6716,6.7964,7.1486,0
2009-04-01,6.9582,7.3580,6.6917,6.7678,0
2009-04-02,7.1010,7.1676,6.7964,6.9772,0
2009-04-03,6.9867,7.3960,6.7393,7.3104,0
2009-04-06,7.2437,7.2437,6.9106,7.1866,0
2009-04-07,6.9296,7.0153,6.6821,6.7868,0
2009-04-08,7.4246,7.7482,6.9296,7.1295,0
2009-04-09,7.3389,7.7863,7.1962,7.7863,0
2009-04-13,7.6150,7.9196,7.3865,7.8244,0
2009-04-14,7.6721,7.8339,7.3389,7.4056,0
2009-04-15,7.3770,8.6049,7.3009,8.2718,0
2009-04-16,8.4146,8.5859,7.8625,8.3765,0
2009-04-17,8.3670,9.0904,8.3670,8.8905,0
2009-04-20,8.5573,8.6049,7.1486,7.2342,0
2009-04-21,7.0153,7.7578,6.9963,7.6340,0
2009-04-22,7.5293,8.0433,7.2342,7.5864,0
2009-04-23,7.8529,8.3194,7.3675,8.2527,0
2009-04-24,8.4717,9.7948,8.3574,9.4902,0
2009-04-27,9.3664,10.3849,9.2808,9.5473,0
2009-04-28,9.3759,9.8424,9.1094,9.3855,0
2009-04-29,9.7186,9.8804,9.4235,9.5854,0
2009-04-30,9.7091,9.7567,9.2236,9.2712,0
2009-05-01,9.2903,9.5187,8.8619,9.0047,0
2009-05-04,9.2617,9.9280,9.2236,9.8424,0
2009-05-05,9.8138,10.3469,9.6329,10.0137,0
2009-05-06,10.2136,10.4135,9.2712,9.9851,0
2009-05-07,10.1755,10.1755,9.1189,9.3379,0
2009-05-08,9.5568,9.8424,8.9952,9.8233,0
2009-05-11,9.5949,9.7852,9.2141,9.3474,0
2009-05-12,9.4235,9.5949,8.7001,8.9381,0
2009-05-13,8.4907,8.7192,8.1100,8.1671,0
2009-05-14,8.1766,8.9666,7.9672,8.5954,0
2009-05-15,8.6430,9.0047,8.2813,8.3860,0
2009-05-18,9.0238,9.9185,8.8334,9.5378,0
2009-05-19,9.4140,9.8424,9.3093,9.4902,0
2009-05-20,9.7091,10.0803,9.3664,9.4235,0
2009-05-21,9.2522,9.5378,8.8048,8.9952,0
2009-05-22,9.0047,9.1475,8.6811,8.9762,0
2009-05-26,8.8715,9.4235,8.8048,9.2903,0
2009-05-27,9.2808,9.7852,8.8810,8.9190,0
2009-05-28,9.0428,9.1380,8.1480,8.4717,0
2009-05-29,8.5097,9.0904,8.5002,9.0523,0
2009-06-01,9.2046,9.3569,8.9000,9.1285,0
2009-06-02,9.0618,9.5187,8.9000,9.2522,0
2009-06-03,9.1380,9.1475,8.6335,8.7763,0
2009-06-04,8.8143,8.8429,8.3955,8.5573,0
2009-06-05,8.7572,8.8619,7.9386,8.0433,0
2009-06-08,8.0052,8.5288,7.9577,8.4431,0
2009-06-09,8.4812,8.6811,8.3289,8.5002,0
2009-06-10,8.6716,8.7001,8.0433,8.2432,0
2009-06-11,8.3194,8.3194,7.7673,7.8054,0
2009-06-12,7.8149,7.8339,7.5198,7.5959,0
2009-06-15,7.4627,7.5103,7.1771,7.2533,0
2009-06-16,7.6150,7.7958,7.2247,7.3485,0
2009-06-17,7.3770,7.5579,7.0248,7.3960,0
2009-06-18,7.3865,7.4246,7.0534,7.1581,0
2009-06-19,7.3104,7.5198,7.1962,7.4151,0
2009-06-22,7.3294,7.3960,7.0534,7.0724,0
2009-06-23,7.1295,7.3675,6.9296,7.1200,0
2009-06-24,7.2342,7.7292,7.2152,7.4436,0
2009-06-25,7.7578,8.7858,7.7006,8.7477,0
2009-06-26,8.6716,8.9857,8.4717,8.7382,0
2009-06-29,8.8619,9.2712,8.7192,9.2427,0
2009-06-30,9.2046,9.4902,9.0904,9.2236,0
2009-07-01,9.2903,9.3283,8.9476,9.1570,0
2009-07-02,8.9381,9.0428,8.6335,8.7192,0
2009-07-06,8.5669,8.7096,8.4050,8.5383,0
2009-07-07,8.4526,8.4812,8.0814,8.1195,0
2009-07-08,8.1575,8.1766,7.5959,7.8244,0
2009-07-09,7.9291,8.1956,7.9005,8.0624,0
2009-07-10,8.0052,8.0052,7.6245,7.9196,0
2009-07-13,7.9481,8.1004,7.5959,8.0624,0
2009-07-14,7.9577,8.4431,7.9005,8.3670,0
2009-07-15,8.5764,8.9190,8.5383,8.7096,0
2009-07-16,8.7096,9.2046,8.5669,9.0904,0
2009-07-17,9.3283,9.5187,9.1285,9.2712,0
2009-07-20,9.3664,9.6805,9.2427,9.4235,0
2009-07-21,9.4997,9.6044,9.1475,9.3855,0
2009-07-22,9.2903,10.3564,9.2712,10.1089,0
2009-07-23,10.2326,11.1750,10.1374,10.7181,0
2009-07-24,10.5372,10.7086,10.2231,10.5753,0
2009-07-27,10.8133,11.4415,10.1565,11.2987,0
2009-07-28,10.8894,11.2035,10.6039,11.0798,0
2009-07-29,10.9370,11.1845,10.7181,11.0798,0
2009-07-30,11.2416,11.2892,10.8323,11.1274,0
2009-07-31,11.0703,11.4225,11.0132,11.2702,0
2009-08-03,11.4510,11.6985,11.3273,11.6224,0
2009-08-04,11.4605,12.2411,11.0988,11.9650,0
2009-08-05,11.9746,12.4410,11.7651,12.0888,0
2009-08-06,12.0507,12.2792,11.7461,11.8698,0
2009-08-07,12.2316,13.1549,12.1364,12.7836,0
2009-08-10,12.7361,12.7361,12.1364,12.2030,0
2009-08-11,12.1840,12.4219,11.8032,12.3743,0
2009-08-12,12.8217,13.2881,12.6313,12.8693,0
2009-08-13,13.0978,13.3072,12.6789,13.0882,0
2009-08-14,13.0882,13.1263,12.5457,12.7646,0
2009-08-17,12.2411,12.5552,11.7937,12.2125,0
2009-08-18,12.1554,12.6123,12.0507,12.5552,0
2009-08-19,12.1459,12.9550,12.0888,12.8693,0
2009-08-20,12.9264,13.6213,12.8598,13.3928,0
2009-08-21,13.6023,13.9449,13.5071,13.8212,0
2009-08-24,13.9830,14.5065,13.8021,13.8688,0
2009-08-25,14.1067,14.6779,14.0211,14.2495,0
2009-08-26,14.4209,15.0110,14.0877,14.8302,0
2009-08-27,14.5636,14.6398,13.8973,14.6017,0
2009-08-28,14.7064,15.1538,14.3638,14.9730,0
2009-08-31,14.7159,14.7159,14.1829,14.4209,0
2009-09-01,14.3542,14.8778,13.7070,13.7736,0
2009-09-02,13.5642,13.9259,13.3167,13.3738,0
2009-09-03,13.4404,13.8402,13.1930,13.7926,0
2009-09-04,13.9069,14.3828,13.7165,14.3733,0
2009-09-08,14.6398,14.7445,14.2019,14.6588,0
2009-09-09,14.6017,15.0396,14.3257,14.8492,0
2009-09-10,14.9730,15.1443,14.5161,15.0967,0
2009-09-11,15.1443,15.3537,14.7350,14.9539,0
2009-09-14,14.7445,14.9158,14.5161,14.9158,0
2009-09-15,14.9920,15.5631,14.9444,15.4870,0
2009-09-16,15.6583,16.5531,15.5917,16.5435,0
2009-09-17,16.5721,16.8101,15.5060,15.8011,0
2009-09-18,16.2675,16.5340,15.7440,15.7440,0
2009-09-21,15.3347,15.3918,14.5065,15.2490,0
2009-09-22,15.3823,15.6202,15.0015,15.1253,0
2009-09-23,15.1062,15.3251,14.7635,14.7635,0
2009-09-24,14.9920,15.2585,13.8402,14.1067,0
2009-09-25,13.9164,14.2686,13.7070,13.8878,0
2009-09-28,14.0020,14.1543,13.7546,13.9449,0
2009-09-29,14.2019,14.6017,14.0116,14.0592,0
2009-09-30,14.0687,14.1639,13.3928,13.5642,0
2009-10-01,13.4595,13.4595,12.5647,12.6123,0
2009-10-02,12.3267,12.6409,11.9936,12.4029,0
2009-10-05,12.6409,12.9455,12.3648,12.7170,0
2009-10-06,12.9359,13.4309,12.8884,13.0216,0
2009-10-07,13.0311,13.0407,12.5266,12.5457,0
2009-10-08,12.8408,13.9735,12.7075,13.6974,0
2009-10-09,13.7165,13.9069,13.3738,13.6403,0
2009-10-12,13.8021,13.9735,13.5166,13.6498,0
2009-10-13,13.6308,14.5161,13.5642,14.4018,0
2009-10-14,14.7064,14.7350,14.1924,14.4589,0
2009-10-15,14.3162,14.4685,14.2305,14.3542,0
2009-10-16,14.2115,14.3257,13.8783,13.9449,0
2009-10-19,14.0877,14.2305,13.6498,13.6974,0
2009-10-20,13.6879,13.6879,13.2120,13.3072,0
2009-10-21,13.3262,13.6403,13.0026,13.0216,0
2009-10-22,12.9264,14.1734,12.7551,14.0116,0
2009-10-23,14.0877,14.4589,13.2310,13.4500,0
2009-10-26,13.4500,13.8973,12.8503,12.9169,0
2009-10-27,12.9169,13.3167,12.7551,12.9931,0
2009-10-28,12.7361,12.8408,11.9174,12.0221,0
2009-10-29,12.3743,12.6028,12.0317,12.2982,0
2009-10-30,12.1935,12.3648,11.8984,11.9936,0
2009-11-02,12.1554,12.4315,11.4701,11.9841,0
2009-11-03,11.7461,12.4981,11.7080,12.4600,0
2009-11-04,12.5647,13.4500,12.5552,12.8884,0
2009-11-05,13.0311,13.5832,12.5933,12.8598,0
2009-11-06,13.0216,13.6594,12.9455,13.4595,0
2009-11-09,13.7165,13.9449,13.5071,13.9069,0
2009-11-10,13.9069,14.1543,13.4500,13.6118,0
2009-11-11,14.0972,14.5827,13.9164,14.3923,0
2009-11-12,14.3828,14.3828,13.7641,13.8402,0
2009-11-13,13.8688,14.2590,13.7165,13.7736,0
2009-11-16,14.0306,14.2781,13.7831,13.9449,0
2009-11-17,13.8878,14.0877,13.6498,13.8212,0
2009-11-18,13.5737,14.2495,13.5737,13.9164,0
2009-11-19,13.8117,13.8117,13.1834,13.4880,0
2009-11-20,13.1644,13.2881,12.8408,13.0121,0
2009-11-23,13.3262,13.5832,12.8884,12.9931,0
2009-11-24,12.9550,13.0692,12.2696,12.4124,0
2009-11-25,12.4695,12.6599,12.3934,12.5076,0
2009-11-27,12.0888,12.4600,11.9555,12.2411,0
2009-11-30,12.2601,12.4029,11.9365,12.0602,0
2009-12-01,12.2506,12.5362,12.1935,12.2601,0
2009-12-02,12.3648,12.5171,12.0221,12.1744,0
2009-12-03,12.1744,12.1744,11.6319,11.6604,0
2009-12-04,12.0221,12.1269,11.5081,11.8318,0
2009-12-07,11.8603,11.9841,11.3749,11.4129,0
2009-12-08,11.2511,11.4701,11.1559,11.2511,0
2009-12-09,11.4129,11.4320,11.1369,11.2797,0
2009-12-10,11.4605,11.4701,11.0227,11.0703,0
2009-12-11,11.0703,11.3178,11.0036,11.2797,0
2009-12-14,11.4701,11.6604,11.1845,11.6033,0
2009-12-15,11.5272,11.7651,11.4034,11.4701,0
2009-12-16,11.5748,12.1269,11.5177,12.0126,0
2009-12-17,11.8603,12.0031,11.6128,11.7271,0
2009-12-18,11.7366,11.8698,11.4796,11.8508,0
2009-12-21,11.9174,12.2792,11.6795,12.2411,0
2009-12-22,12.3267,12.8027,12.2316,12.6313,0
2009-12-23,12.7932,12.8788,12.5838,12.6313,0
2009-12-24,12.6218,12.7361,12.5838,12.7170,0
2009-12-28,12.8122,12.8408,12.2411,12.3267,0
2009-12-29,12.3934,12.4505,12.0412,12.2220,0
2009-12-30,12.1744,12.4600,12.0602,12.2887,0
2009-12-31,12.3077,12.3172,12.1269,12.1554,0
2010-01-04,12.1935,12.3934,12.0412,12.3839,0
2010-01-05,12.3267,12.9455,12.1078,12.8979,0
2010-01-06,12.8598,13.0882,12.6123,13.0407,0
2010-01-07,14.2115,15.2300,13.9164,14.7159,0
2010-01-08,14.6588,15.2966,14.4589,15.1824,0
2010-01-11,15.2966,15.5631,15.2109,15.4774,0
2010-01-12,15.3727,15.7345,15.1824,15.3537,0
2010-01-13,15.5060,15.6488,15.0872,15.4679,0
2010-01-14,15.7249,16.0295,15.4965,15.5631,0
2010-01-15,15.4870,15.5917,15.0872,15.1919,0
2010-01-19,15.0015,15.5536,15.0015,15.4299,0
2010-01-20,15.2871,15.3632,14.9539,14.9825,0
2010-01-21,15.0110,15.1157,14.5446,14.5732,0
2010-01-22,14.5732,14.8207,14.0020,14.0687,0
2010-01-25,14.3257,14.3733,13.7260,13.9925,0
2010-01-26,13.9164,14.2305,13.8117,13.8593,0
2010-01-27,13.8497,14.4304,13.6118,14.3828,0
2010-01-28,14.5922,15.1062,14.2971,14.6493,0
2010-01-29,14.7445,15.1919,14.5351,14.6208,0
2010-02-01,14.7255,14.7445,14.3352,14.5827,0
2010-02-02,14.8873,15.8296,14.8873,15.7535,0
2010-02-03,15.5822,15.7249,15.1443,15.4774,0
2010-02-04,15.1253,15.2204,14.5065,14.6017,0
2010-02-05,14.5636,14.7064,13.5356,14.0020,0
2010-02-08,14.0401,15.0872,13.8212,14.6493,0
2010-02-09,14.6588,14.9158,14.3066,14.8492,0
2010-02-10,14.9158,14.9444,14.4494,14.8587,0
2010-02-11,15.1919,16.1818,15.0396,16.1723,0
2010-02-12,15.9724,16.3627,15.7535,16.1438,0
2010-02-16,16.3532,16.5340,16.3246,16.5055,0
2010-02-17,16.6768,17.0195,16.2675,16.5055,0
2010-02-18,16.4008,16.4579,15.9439,16.2199,0
2010-02-19,16.1057,16.6007,16.1057,16.4769,0
2010-02-22,16.5911,16.6958,16.1533,16.3436,0
2010-02-23,16.2580,16.4198,15.3156,15.4965,0
2010-02-24,15.6583,15.7630,14.5256,15.4870,0
2010-02-25,15.1443,15.5346,14.8397,15.4870,0
2010-02-26,15.4299,15.6773,15.0301,15.6202,0
2010-03-01,15.6869,15.8963,15.6202,15.8392,0
2010-03-02,15.9915,16.1342,15.7059,15.8011,0
2010-03-03,15.8392,16.1533,15.7630,15.9819,0
2010-03-04,15.8772,16.1152,15.5536,15.7535,0
2010-03-05,15.9058,16.2199,15.8106,16.1913,0
2010-03-08,16.2770,16.4769,16.1628,16.3722,0
2010-03-09,16.4388,16.6292,16.1818,16.4579,0
2010-03-10,16.4579,16.5721,15.9915,16.1152,0
2010-03-11,16.0010,16.0676,15.6393,15.8392,0
2010-03-12,15.9343,16.0105,15.4394,15.5441,0
2010-03-15,15.7059,15.7059,15.0967,15.3156,0
2010-03-16,15.4774,16.0295,15.3251,15.9343,0
2010-03-17,15.9534,16.1913,15.7820,15.8392,0
2010-03-18,15.7630,15.9343,15.6202,15.7440,0
2010-03-19,15.3347,15.9248,15.3251,15.3347,0
2010-03-22,15.1253,15.6202,15.1253,15.5155,0
2010-03-23,15.5917,16.3056,15.3918,16.2389,0
2010-03-24,17.2194,17.4478,16.6863,16.8386,0
2010-03-25,17.1147,17.6858,16.9528,17.1813,0
2010-03-26,17.3431,18.0189,17.2955,17.4193,0
2010-03-29,17.5811,17.6668,16.9433,17.3622,0
2010-03-30,17.0100,17.6001,17.0100,17.1813,0
2010-03-31,17.0576,17.1718,16.3436,16.3817,0
2010-04-01,16.4864,16.7530,16.1913,16.3056,0
2010-04-05,16.5245,16.8767,16.3532,16.7149,0
2010-04-06,16.6197,16.6387,16.2294,16.4579,0
2010-04-07,16.4769,16.6768,15.9724,16.1342,0
2010-04-08,16.0676,16.5150,16.0010,16.4293,0
2010-04-09,16.5435,16.7530,16.4388,16.6768,0
2010-04-12,16.7339,16.8577,16.2104,16.3436,0
2010-04-13,16.3912,16.7054,16.3056,16.4484,0
2010-04-14,16.5626,17.5430,16.4484,17.4002,0
2010-04-15,17.3241,17.3526,16.8005,16.9338,0
2010-04-16,16.8196,16.8386,16.1628,16.3246,0
2010-04-19,16.1818,16.7244,16.1533,16.4103,0
2010-04-20,16.6102,17.1337,16.4959,17.1051,0
2010-04-21,17.1623,17.7334,17.0385,17.6287,0
2010-04-22,17.4954,18.8851,17.2003,18.7900,0
2010-04-23,19.2564,20.7413,19.1231,19.5419,0
2010-04-26,19.1993,20.0179,19.1326,19.1326,0
2010-04-27,18.8471,19.0279,17.9333,18.0285,0
2010-04-28,18.2284,18.7519,18.1522,18.4187,0
2010-04-29,18.5044,19.9132,18.4949,19.5324,0
2010-04-30,19.6086,20.1511,18.9232,18.9613,0
2010-05-03,19.1422,19.9512,19.0089,19.7133,0
2010-05-04,19.3611,19.5134,18.4663,19.0565,0
2010-05-05,18.7043,19.1517,18.2284,18.3807,0
2010-05-06,18.1808,18.6948,15.9819,17.5620,0
2010-05-07,17.4478,17.8000,16.3436,16.6482,0
2010-05-10,17.8381,18.8471,17.5145,18.8090,0
2010-05-11,18.5330,19.1326,18.3331,18.5234,0
2010-05-12,18.7519,19.0850,18.1427,18.5234,0
2010-05-13,18.5710,18.6186,17.7239,17.8476,0
2010-05-14,17.8476,17.8476,17.0861,17.5240,0
2010-05-17,17.6001,17.6001,16.4769,17.5335,0
2010-05-18,17.7905,18.2759,17.2384,17.2860,0
2010-05-19,17.0004,17.7619,16.8862,17.2765,0
2010-05-20,16.7149,17.1908,16.5340,16.6007,0
2010-05-21,16.1533,16.8101,16.0581,16.6292,0
2010-05-24,16.6387,17.0100,16.4388,16.4674,0
2010-05-25,15.9724,16.3722,15.7345,16.3341,0
2010-05-26,16.5911,17.3146,16.3341,16.4198,0
2010-05-27,17.0100,17.0195,16.3246,16.7244,0
2010-05-28,16.6387,16.9433,16.3817,16.4674,0
2010-06-01,16.2009,16.3341,15.5250,15.5441,0
2010-06-02,15.6297,15.9153,15.6107,15.7535,0
2010-06-03,15.9724,15.9819,15.2300,15.4965,0
2010-06-04,15.1728,15.3632,14.6112,14.7255,0
2010-06-07,14.7255,14.9063,13.9830,14.0496,0
2010-06-08,14.0877,14.2781,13.5451,14.0401,0
2010-06-09,14.2210,14.4875,13.6308,13.7355,0
2010-06-10,13.9925,14.9158,13.8117,14.8302,0
2010-06-11,14.5827,15.0110,14.4494,14.8016,0
2010-06-14,14.9920,15.1253,14.4494,14.5161,0
2010-06-15,14.7255,15.0301,14.5256,15.0015,0
2010-06-16,14.7350,15.1728,14.5636,14.8016,0
2010-06-17,14.7921,14.7921,14.2210,14.5636,0
2010-06-18,14.6112,14.6112,13.9544,14.0306,0
2010-06-21,14.3257,14.4875,13.7926,13.8688,0
2010-06-22,13.8497,14.1353,13.4500,13.5166,0
2010-06-23,13.5832,14.2876,13.2786,14.0306,0
2010-06-24,14.1734,14.4685,13.6403,13.8688,0
2010-06-25,13.8783,14.0020,13.3262,13.9735,0
2010-06-28,14.0116,14.1163,13.6308,13.6784,0
2010-06-29,13.6784,13.7355,13.1454,13.2977,0
